X,f(X)
-6.283185307179586,1.0
-6.2731853071795864,0.9999500004166653
-6.263185307179587,0.9998000066665778
-6.253185307179587,0.9995500337489875
-6.243185307179587,0.9992001066609779
-6.233185307179587,0.9987502603949653
-6.2231853071795875,0.9982005399352001
-6.213185307179588,0.9975510002532797
-6.203185307179588,0.9968017063026196
-6.193185307179588,0.9959527330119946
-6.183185307179588,0.995004165278026
-6.173185307179589,0.9939560979566973
-6.163185307179589,0.9928086358538667
-6.153185307179589,0.9915618937147888
-6.143185307179589,0.9902159962126383
-6.133185307179589,0.9887710779360444
-6.12318530717959,0.9872272833756304
-6.11318530717959,0.9855847669095669
-6.10318530717959,0.9838436927881319
-6.09318530717959,0.982004235117288
-6.0831853071795905,0.9800665778412707
-6.073185307179591,0.9780309147241952
-6.063185307179591,0.9758974493306065
-6.053185307179591,0.9736663950053759
-6.043185307179591,0.9713379748520307
-6.033185307179592,0.968912421710646
-6.023185307179592,0.9663899781345144
-6.013185307179592,0.9637708963658917
-6.003185307179592,0.9610554383107721
-5.993185307179592,0.9582438755126982
-5.983185307179593,0.9553364891256069
-5.973185307179593,0.9523335698857138
-5.963185307179593,0.9492354180824406
-5.953185307179593,0.9460423435283858
-5.9431853071795935,0.9427546655283436
-5.933185307179594,0.9393727128473746
-5.923185307179594,0.9358968236779277
-5.913185307179594,0.9323273456060235
-5.903185307179594,0.9286646355764944
-5.8931853071795945,0.9249090598572904
-5.883185307179595,0.9210609940028534
-5.873185307179595,0.9171208228165615
-5.863185307179595,0.9130889403122491
-5.853185307179595,0.9089657496748056
-5.843185307179596,0.9047516632198576
-5.833185307179596,0.9004471023525373
-5.823185307179596,0.8960524975255298
-5.813185307179596,0.891568288195334
-5.8031853071795965,0.8869949227792894
-5.793185307179597,0.882332858610127
-5.783185307179597,0.8775825618903785
-5.773185307179597,0.8727445076457575
-5.763185307179597,0.8678191796776566
-5.7531853071795975,0.8628070705147685
-5.743185307179598,0.857708681363832
-5.733185307179598,0.8525245220595146
-5.723185307179598,0.8472551110134259
-5.713185307179598,0.8419009751622797
-5.703185307179599,0.8364626499151993
-5.693185307179599,0.8309406791001775
-5.683185307179599,0.8253356149096944
-5.673185307179599,0.8196480178454983
-5.6631853071795994,0.8138784566625558
-5.6531853071796,0.8080275083121774
-5.6431853071796,0.8020957578843231
-5.6331853071796,0.7960837985490917
-5.6231853071796,0.7899922314974079
-5.6131853071796005,0.7838216658809002
-5.603185307179601,0.7775727187509889
-5.593185307179601,0.7712460149971794
-5.583185307179601,0.7648421872845758
-5.573185307179601,0.7583618759906127
-5.563185307179602,0.7518057291410202
-5.553185307179602,0.7451744023450204
-5.543185307179602,0.7384685587297676
-5.533185307179602,0.7316888688740357
-5.523185307179602,0.7248360107411618
-5.513185307179603,0.7179106696112494
-5.503185307179603,0.7109135380122881
-5.493185307179603,0.7038453156522471
-5.483185307179603,0.6967067093471764
-5.4731853071796035,0.689498432951758
-5.463185307179604,0.6822212072876243
-5.453185307179604,0.6748757600712778
-5.443185307179604,0.6674628258413186
-5.433185307179604,0.6599831458849924
-5.423185307179605,0.6524374681640615
-5.413185307179605,0.6448265472400102
-5.403185307179605,0.6371511441985883
-5.393185307179605,0.6294120265737042
-5.383185307179605,0.6216099682706707
-5.373185307179606,0.6137457494888164
-5.363185307179606,0.6058201566434659
-5.353185307179606,0.5978339822872992
-5.343185307179606,0.5897880250310966
-5.3331853071796065,0.5816830894638789
-5.323185307179607,0.5735199860724486
-5.313185307179607,0.565299531160342
-5.303185307179607,0.5570225467662
-5.293185307179607,0.5486898605815647
-5.2831853071796075,0.54030230586811
-5.273185307179608,0.5318607213743178
-5.263185307179608,0.5233659512516027
-5.253185307179608,0.5148188449698976
-5.243185307179608,0.5062202572327082
-5.233185307179609,0.4975710478916424
-5.223185307179609,0.48887208186042624
-5.213185307179609,0.4801242290284135
-5.203185307179609,0.4713283641735972
-5.1931853071796095,0.4624853668751325
-5.18318530717961,0.4535961214253795
-5.17318530717961,0.4446615167414752
-5.16318530717961,0.43568244627644187
-5.15318530717961,0.42665980792984276
-5.1431853071796105,0.4175945039579929
-5.133185307179611,0.4084874408837344
-5.123185307179611,0.39933952940578443
-5.113185307179611,0.3901516843082558
-5.103185307179611,0.3809248243669081
-5.093185307179612,0.37165987226056013
-5.083185307179612,0.36235775447670154
-5.073185307179612,0.35301940121935926
-5.063185307179612,0.3436457463160771
-5.0531853071796125,0.33423772712453376
-5.043185307179613,0.32479628443880876
-5.033185307179613,0.3153223623953026
-5.023185307179613,0.30581690837832487
-5.013185307179613,0.2962808729253561
-5.0031853071796135,0.28671520963199487
-4.993185307179614,0.27712087505659927
-4.983185307179614,0.26749882862463153
-4.973185307179614,0.25785003253271666
-4.963185307179614,0.2481754516524232
-4.953185307179615,0.23847605343377712
-4.943185307179615,0.22875280780851742
-4.933185307179615,0.21900668709310414
-4.923185307179615,0.20923866589148712
-4.913185307179615,0.19944972099764646
-4.903185307179616,0.18964083129791448
-4.893185307179616,0.179812977673087
-4.883185307179616,0.16996714290033668
-4.873185307179616,0.16010431155493626
-4.8631853071796165,0.15022546991180138
-4.853185307179617,0.14033160584686402
-4.843185307179617,0.13042370873828604
-4.833185307179617,0.12050276936752197
-4.823185307179617,0.1105697798202416
-4.813185307179618,0.10062573338712243
-4.803185307179618,0.0906716244645213
-4.793185307179618,0.08070844845503572
-4.783185307179618,0.07073720166796427
-4.773185307179618,0.06075888121967666
-4.763185307179619,0.0507744849339028
-4.753185307179619,0.040785011241951344
-4.743185307179619,0.030791459082867453
-4.733185307179619,0.020794827803539348
-4.7231853071796195,0.01079611705876532
-4.71318530717962,7.963267112880278E-4
-4.70318530717962,-0.009203543268190255
-4.69318530717962,-0.01920249290100416
-4.68318530717962,-0.029199522300521974
-4.6731853071796206,-0.039193631772133704
-4.663185307179621,-0.04918382191414232
-4.653185307179621,-0.059169093714120685
-4.643185307179621,-0.06914844865403529
-4.633185307179621,-0.079120888806708
-4.623185307179622,-0.08908541693643413
-4.613185307179622,-0.09904103659870427
-4.603185307179622,-0.10898675223984865
-4.593185307179622,-0.11892156929659134
-4.5831853071796225,-0.1288444942955053
-4.573185307179623,-0.13875453495236015
-4.563185307179623,-0.14865070027134838
-4.553185307179623,-0.1585320006441848
-4.543185307179623,-0.16839744794906683
-4.5331853071796235,-0.17824605564948504
-4.523185307179624,-0.1880768388928765
-4.513185307179624,-0.19788881460910923
-4.503185307179624,-0.20768100160878838
-4.493185307179624,-0.21745242068137402
-4.483185307179625,-0.22720209469310168
-4.473185307179625,-0.23692904868469522
-4.463185307179625,-0.2466323099688612
-4.453185307179625,-0.2563109082275574
-4.4431853071796255,-0.2659638756090233
-4.433185307179626,-0.27559024682456496
-4.423185307179626,-0.2851890592450829
-4.413185307179626,-0.2947593529973343
-4.403185307179626,-0.3043001710599192
-4.3931853071796265,-0.313810559358982
-4.383185307179627,-0.3232895668636185
-4.373185307179627,-0.3327362456809771
-4.363185307179627,-0.34214965115104884
-4.353185307179627,-0.3515288419411311
-4.343185307179628,-0.36087288013996116
-4.333185307179628,-0.37018083135150587
-4.323185307179628,-0.37945176478840126
-4.313185307179628,-0.3886847533650292
-4.303185307179628,-0.3978788737902268
-4.293185307179629,-0.4070332066596133
-4.283185307179629,-0.41614683654753093
-4.273185307179629,-0.4252188520985856
-4.263185307179629,-0.434248346118783
-4.2531853071796295,-0.4432344156662455
-4.24318530717963,-0.45217616214150785
-4.23318530717963,-0.4610726913773741
-4.22318530717963,-0.46992311372833473
-4.21318530717963,-0.4787265441595309
-4.203185307179631,-0.4874821023352562
-4.193185307179631,-0.49618891270698995
-4.183185307179631,-0.5048461046009514
-4.173185307179631,-0.5134528123039089
-4.163185307179631,-0.5220081751546557
-4.153185307179632,-0.5305113376228915
-4.143185307179632,-0.5389614493994567
-4.133185307179632,-0.5473576654802147
-4.123185307179632,-0.5556991462505543
-4.1131853071796325,-0.5639850575693497
-4.103185307179633,-0.5722145708523739
-4.093185307179633,-0.5803868631551569
-4.083185307179633,-0.5885011172552775
-4.073185307179633,-0.596556521734089
-4.0631853071796336,-0.6045522710578551
-4.053185307179634,-0.6124875656583072
-4.043185307179634,-0.6203616120125973
-4.033185307179634,-0.6281736227226523
-4.023185307179634,-0.6359228165939109
-4.013185307179635,-0.6436084187134437
-4.003185307179635,-0.6512296605274428
-3.993185307179635,-0.6587857799180783
-3.9831853071796353,-0.6662760212797076
-3.9731853071796355,-0.6736996355944366
-3.9631853071796357,-0.6810558805070196
-3.953185307179636,-0.6883440203990959
-3.943185307179636,-0.6955633264627494
-3.9331853071796363,-0.7027130767733898
-3.9231853071796365,-0.7097925563619443
-3.9131853071796368,-0.716801057286353
-3.903185307179637,-0.723737878702364
-3.893185307179637,-0.7306023269336165
-3.8831853071796374,-0.7373937155410072
-3.8731853071796376,-0.7441113653913347
-3.863185307179638,-0.7507546047252123
-3.853185307179638,-0.7573227692242422
-3.8431853071796382,-0.7638152020774471
-3.8331853071796385,-0.7702312540469534
-3.8231853071796387,-0.7765702835329091
-3.813185307179639,-0.7828316566376489
-3.803185307179639,-0.7890147472290796
-3.7931853071796393,-0.7951189370032942
-3.7831853071796395,-0.8011436155464017
-3.7731853071796397,-0.8070881803955685
-3.76318530717964,-0.8129520370992629
-3.75318530717964,-0.8187345992767008
-3.7431853071796404,-0.8244352886764826
-3.7331853071796406,-0.8300535352344189
-3.723185307179641,-0.8355887771305354
-3.713185307179641,-0.8410404608452546
-3.7031853071796412,-0.8464080412147473
-3.6931853071796414,-0.851690981485449
-3.6831853071796417,-0.8568887533677345
-3.673185307179642,-0.8620008370887471
-3.663185307179642,-0.8670267214443734
-3.6531853071796423,-0.8719659038519082
-3.6431853071796425,-0.8768178903942754
-3.6331853071796427,-0.8815821958782825
-3.623185307179643,-0.8862583438773508
-3.613185307179643,-0.8908458667805781
-3.6031853071796434,-0.8953443058394968
-3.5931853071796436,-0.8997532112139492
-3.583185307179644,-0.9040721420170726
-3.573185307179644,-0.9083006663593854
-3.563185307179644,-0.9124383613919768
-3.5531853071796444,-0.9164848133487928
-3.5431853071796446,-0.9204396175880089
-3.533185307179645,-0.9243023786324969
-3.523185307179645,-0.9280727102093714
-3.5131853071796453,-0.9317502352886171
-3.5031853071796455,-0.9353345861207901
-3.4931853071796457,-0.9388254042737944
-3.483185307179646,-0.9422223406687245
-3.473185307179646,-0.9455250556147701
-3.4631853071796463,-0.94873321884319
-3.4531853071796466,-0.9518465095403346
-3.4431853071796468,-0.954864616379729
-3.433185307179647,-0.9577872375532042
-3.423185307179647,-0.9606140808010778
-3.4131853071796474,-0.9633448634413818
-3.4031853071796476,-0.9659793123981275
-3.393185307179648,-0.9685171642286148
-3.383185307179648,-0.9709581651497748
-3.3731853071796483,-0.9733020710635504
-3.3631853071796485,-0.9755486475813039
-3.3531853071796487,-0.9776976700472549
-3.343185307179649,-0.9797489235609486
-3.333185307179649,-0.981702202998742
-3.3231853071796493,-0.9835573130343206
-3.3131853071796495,-0.985314068158226
-3.3031853071796498,-0.9869722926964096
-3.29318530717965,-0.9885318208278003
-3.28318530717965,-0.9899924966008856
-3.2731853071796504,-0.9913541739493037
-3.2631853071796506,-0.9926167167064559
-3.253185307179651,-0.9937799986191181
-3.243185307179651,-0.9948439033600694
-3.2331853071796512,-0.9958083245397226
-3.2231853071796515,-0.9966731657167633
-3.2131853071796517,-0.9974383404077939
-3.203185307179652,-0.9981037720959853
-3.193185307179652,-0.9986693942387226
-3.1831853071796523,-0.9991351502742621
-3.1731853071796525,-0.9995009936273903
-3.1631853071796527,-0.9997668877140766
-3.153185307179653,-0.9999328059451345
-3.143185307179653,-0.9999987317288795
-3.1331853071796534,-0.9999646584727884
-3.1231853071796536,-0.9998305895841602
-3.113185307179654,-0.9995965384697708
-3.103185307179654,-0.9992625285326948
-3.0931853071796542,-0.9988285931771915
-3.0831853071796544,-0.9982947757947239
-3.0731853071796547,-0.9976611297665862
-3.063185307179655,-0.996927718456853
-3.053185307179655,-0.9960946152060441
-3.0431853071796553,-0.9951619033237915
-3.0331853071796555,-0.9941296760805044
-3.0231853071796557,-0.9929980366980469
-3.013185307179656,-0.9917670983394153
-3.003185307179656,-0.9904369840974193
-2.9931853071796564,-0.9890078269823751
-2.9831853071796566,-0.9874797699088025
-2.973185307179657,-0.985852965681135
-2.963185307179657,-0.9841275769784401
-2.953185307179657,-0.9823037763381512
-2.9431853071796574,-0.9803817461388118
-2.9331853071796576,-0.9783616785818396
-2.923185307179658,-0.9762437756723069
-2.913185307179658,-0.9740282491987406
-2.9031853071796583,-0.9717153207119417
-2.8931853071796585,-0.9693052215028302
-2.8831853071796587,-0.9667981925793185
-2.873185307179659,-0.9641944846422112
-2.863185307179659,-0.9614943580601317
-2.8531853071796593,-0.9586980828434876
-2.8431853071796596,-0.9558059386174699
-2.8331853071796598,-0.9528182145940921
-2.82318530717966,-0.9497352095432657
-2.81318530717966,-0.9465572317629275
-2.8031853071796604,-0.9432845990482062
-2.7931853071796606,-0.9399176386596468
-2.783185307179661,-0.9364566872904816
-2.773185307179661,-0.9329020910329625
-2.7631853071796613,-0.929254205343755
-2.7531853071796615,-0.9255133950083867
-2.7431853071796617,-0.9216800341047741
-2.733185307179662,-0.9177545059658128
-2.723185307179662,-0.9137372031410456
-2.7131853071796623,-0.9096285273574061
-2.7031853071796625,-0.9054288894790481
-2.6931853071796628,-0.9011387094662617
-2.683185307179663,-0.8967584163334718
-2.673185307179663,-0.8922884481063403
-2.6631853071796634,-0.8877292517779661
-2.6531853071796636,-0.8830812832641821
-2.643185307179664,-0.8783450073579665
-2.633185307179664,-0.8735208976829614
-2.6231853071796642,-0.8686094366461137
-2.6131853071796645,-0.8636111153894358
-2.6031853071796647,-0.8585264337408872
-2.593185307179665,-0.8533559001643938
-2.583185307179665,-0.848100031709005
-2.5731853071796653,-0.8427593539571867
-2.5631853071796655,-0.837334400972261
-2.5531853071796657,-0.8318257152450085
-2.543185307179666,-0.8262338476394072
-2.533185307179666,-0.8205593573375595
-2.5231853071796664,-0.814802811786
-2.5131853071796666,-0.8089647866301762
-2.503185307179667,-0.8030458656698265
-2.493185307179667,-0.7970466407921122
-2.4831853071796672,-0.7909677119145218
-2.4731853071796674,-0.7848096869248778
-2.4631853071796677,-0.7785731816205477
-2.453185307179668,-0.7722588196468642
-2.443185307179668,-0.765867232434765
-2.4331853071796683,-0.759399059137641
-2.4231853071796685,-0.7528549465674349
-2.4131853071796687,-0.7462355491299498
-2.403185307179669,-0.7395415287594133
-2.393185307179669,-0.7327735548522828
-2.3831853071796694,-0.7259323042003114
-2.3731853071796696,-0.7190184609228623
-2.36318530717967,-0.7120327163985014
-2.35318530717967,-0.7049757691958585
-2.34318530717967,-0.6978483250037762
-2.3331853071796704,-0.6906510965607319
-2.3231853071796706,-0.6833848035835732
-2.313185307179671,-0.6760501726955427
-2.303185307179671,-0.668647937353616
-2.2931853071796713,-0.6611788377751601
-2.2831853071796715,-0.6536436208639087
-2.2731853071796717,-0.6460430401352723
-2.263185307179672,-0.6383778556409918
-2.253185307179672,-0.6306488338931284
-2.2431853071796723,-0.6228567477874158
-2.2331853071796726,-0.6150023765259706
-2.2231853071796728,-0.6070865055393757
-2.213185307179673,-0.5991099264081313
-2.203185307179673,-0.5910734367835061
-2.1931853071796734,-0.582977840307762
-2.1831853071796736,-0.5748239465338035
-2.173185307179674,-0.5666125708442128
-2.163185307179674,-0.5583445343697127
-2.1531853071796743,-0.550020663907066
-2.1431853071796745,-0.5416417918363793
-2.1331853071796747,-0.5332087560378787
-2.123185307179675,-0.5247223998081166
-2.113185307179675,-0.5161835717756434
-2.1031853071796753,-0.5075931258161485
-2.0931853071796755,-0.49895192096706714
-2.0831853071796758,-0.490260821341685
-2.073185307179676,-0.4815206960427242
-2.063185307179676,-0.47273241907542574
-2.0531853071796764,-0.4638968692601684
-2.0431853071796766,-0.45501493014456856
-2.033185307179677,-0.4460874899151382
-2.023185307179677,-0.4371154413084596
-2.0131853071796773,-0.4280996815219173
-2.0031853071796775,-0.41904111212397727
-1.9931853071796775,-0.4099406389640324
-1.9831853071796774,-0.40079917208181154
-1.9731853071796774,-0.39161762561638896
-1.9631853071796774,-0.38239691771476114
-1.9531853071796774,-0.3731379704400314
-1.9431853071796774,-0.3638417096792155
-1.9331853071796774,-0.35450906505063995
-1.9231853071796774,-0.3451409698083514
-1.9131853071796774,-0.3357383607591762
-1.9031853071796774,-0.3263021781537059
-1.8931853071796774,-0.31683336560233616
-1.8831853071796774,-0.30733286997843184
-1.8731853071796774,-0.2978016413236411
-1.8631853071796773,-0.28824063275288403
-1.8531853071796773,-0.2786508003590518
-1.8431853071796773,-0.26903310311738915
-1.8331853071796773,-0.25938850278960923
-1.8231853071796773,-0.24971796382770645
-1.8131853071796773,-0.2400224532775176
-1.8031853071796773,-0.23030294068201856
-1.7931853071796773,-0.22056039798437269
-1.7831853071796773,-0.21079579943072096
-1.7731853071796773,-0.20101012147279254
-1.7631853071796773,-0.19120434267022396
-1.7531853071796772,-0.1813794435927234
-1.7431853071796772,-0.17153640672201326
-1.7331853071796772,-0.16167621635357193
-1.7231853071796772,-0.15179985849822736
-1.7131853071796772,-0.1419083207835344
-1.7031853071796772,-0.13200259235501388
-1.6931853071796772,-0.12208366377725838
-1.6831853071796772,-0.11215252693486252
-1.6731853071796772,-0.10221017493323076
-1.6631853071796772,-0.09225760199928154
-1.6531853071796772,-0.08229580338201066
-1.6431853071796771,-0.0723257752529791
-1.6331853071796771,-0.06234851460669307
-1.6231853071796771,-0.05236501916089997
-1.6131853071796771,-0.04237628725682872
-1.603185307179677,-0.03238331775934367
-1.593185307179677,-0.022387109957066095
-1.583185307179677,-0.012388663462445455
-1.573185307179677,-0.0023889781118004265
-1.563185307179677,0.007610946134667905
-1.553185307179677,0.01761010929286629
-1.543185307179677,0.02760751145481248
-1.533185307179677,0.03760215288862426
-1.523185307179677,0.047593034138482475
-1.513185307179677,0.05757915612459351
-1.503185307179677,0.06755952024307324
-1.493185307179677,0.07753312846583489
-1.483185307179677,0.08749898344036566
-1.473185307179677,0.09745608858946869
-1.463185307179677,0.10740344821093221
-1.453185307179677,0.11734006757708049
-1.443185307179677,0.1272649530342595
-1.433185307179677,0.1371771121021937
-1.423185307179677,0.1470755535732374
-1.413185307179677,0.15695928761149058
-1.403185307179677,0.1668273258517889
-1.393185307179677,0.17667868149852742
-1.383185307179677,0.1865123694243568
-1.373185307179677,0.1963274062686743
-1.363185307179677,0.2061228105359847
-1.3531853071796769,0.2158976026940116
-1.3431853071796769,0.2256508052716928
-1.3331853071796769,0.23538144295689642
-1.3231853071796769,0.245088542693966
-1.3131853071796769,0.2547711337780861
-1.3031853071796768,0.26442824796389264
-1.2931853071796768,0.2740589195452586
-1.2831853071796768,0.28366218546305144
-1.2731853071796768,0.2932370853986862
-1.2631853071796768,0.3027826618701377
-1.2531853071796768,0.3122979603277251
-1.2431853071796768,0.32178202924952504
-1.2331853071796768,0.3312339202365507
-1.2231853071796768,0.3406526881075774
-1.2131853071796768,0.35003739099367065
-1.2031853071796768,0.359387090432363
-1.1931853071796767,0.3687008514614999
-1.1831853071796767,0.3779777427127338
-1.1731853071796767,0.38721683650467825
-1.1631853071796767,0.3964172089356535
-1.1531853071796767,0.4055779399760842
-1.1431853071796767,0.4146981135604882
-1.1331853071796767,0.42377681767912495
-1.1231853071796767,0.4328131444691325
-1.1131853071796767,0.4418061903053737
-1.1031853071796767,0.4507550558907494
-1.0931853071796767,0.459658846346167
-1.0831853071796766,0.4685166712999955
-1.0731853071796766,0.4773276449771198
-1.0631853071796766,0.4860908862875203
-1.0531853071796766,0.4948055189143637
-1.0431853071796766,0.5034706714016486
-1.0331853071796766,0.5120854772413493
-1.0231853071796766,0.5206490749600656
-1.0131853071796766,0.5291606082051517
-1.0031853071796766,0.5376192258303858
-0.9931853071796766,0.5460240819810434
-0.9831853071796766,0.5543743361785258
-0.9731853071796766,0.5626691534043647
-0.9631853071796765,0.5709077041837523
-0.9531853071796765,0.579089164668472
-0.9431853071796765,0.5872127167192933
-0.9331853071796765,0.5952775479877785
-0.9231853071796765,0.6032828519975334
-0.9131853071796765,0.6112278282248192
-0.9031853071796765,0.6191116821786271
-0.8931853071796765,0.6269336254801426
-0.8831853071796765,0.6346928759415535
-0.8731853071796765,0.6423886576442722
-0.8631853071796765,0.6500202010165449
-0.8531853071796764,0.6575867429103903
-0.8431853071796764,0.6650875266779326
-0.8331853071796764,0.6725218022470398
-0.8231853071796764,0.6798888261963522
-0.8131853071796764,0.6871878618296052
-0.8031853071796764,0.6944181792493266
-0.7931853071796764,0.7015790554298076
-0.7831853071796764,0.7086697742893749
-0.7731853071796764,0.7156896267620735
-0.7631853071796764,0.7226379108684857
-0.7531853071796764,0.7295139317860032
-0.7431853071796763,0.7363170019182627
-0.7331853071796763,0.7430464409639224
-0.7231853071796763,0.7497015759846799
-0.7131853071796763,0.7562817414725753
-0.7031853071796763,0.7627862794165474
-0.6931853071796763,0.7692145393682164
-0.6831853071796763,0.7755658785102832
-0.6731853071796763,0.7818396617076593
-0.6631853071796763,0.788035261590391
-0.6531853071796763,0.7941520586036613
-0.6431853071796763,0.8001894410728672
-0.6331853071796762,0.8061468052647888
-0.6231853071796762,0.8120235554479599
-0.6131853071796762,0.817819103952278
-0.6031853071796762,0.8235328712277215
-0.5931853071796762,0.8291642859023082
-0.5831853071796762,0.834712784839277
-0.5731853071796762,0.8401778131933489
-0.5631853071796762,0.8455588244662544
-0.5531853071796762,0.8508552805613414
-0.5431853071796762,0.8560666518374175
-0.5331853071796762,0.8611924171616976
-0.5231853071796762,0.8662320639619181
-0.5131853071796761,0.8711850882776044
-0.5031853071796761,0.8760509948104427
-0.4931853071796761,0.8808292969738459
-0.4831853071796761,0.8855195169415814
-0.4731853071796761,0.8901211856955348
-0.4631853071796761,0.8946338430726953
-0.4531853071796761,0.8990570378110814
-0.4431853071796761,0.9033903275948983
-0.43318530717967607,0.9076332790987747
-0.42318530717967606,0.9117854680311028
-0.41318530717967605,0.9158464791764498
-0.40318530717967604,0.9198159064370814
-0.39318530717967604,0.9236933528735782
-0.383185307179676,0.9274784307445322
-0.373185307179676,0.931170761545315
-0.363185307179676,0.9347699760459132
-0.353185307179676,0.9382757143278866
-0.343185307179676,0.9416876258203151
-0.333185307179676,0.9450053693349112
-0.323185307179676,0.948228613100068
-0.31318530717967596,0.9513570347941149
-0.30318530717967596,0.9543903215774722
-0.29318530717967595,0.9573281701239988
-0.28318530717967594,0.9601702866512827
-0.27318530717967593,0.9629163869500594
-0.2631853071796759,0.9655661964125464
-0.2531853071796759,0.9681194500600536
-0.2431853071796759,0.9705758925693052
-0.2331853071796759,0.9729352782981313
-0.22318530717967588,0.9751973713098961
-0.21318530717967588,0.9773619453972008
-0.20318530717967587,0.979428784104429
-0.19318530717967586,0.9813976807494531
-0.18318530717967585,0.9832684384442179
-0.17318530717967584,0.9850408701145474
-0.16318530717967583,0.9867147985187181
-0.15318530717967582,0.988290056265321
-0.1431853071796758,0.9897664858298619
-0.1331853071796758,0.991143939570641
-0.12318530717967581,0.992422279743418
-0.11318530717967581,0.9936013785152299
-0.10318530717967582,0.9946811179772092
-0.09318530717967582,0.9956613901562887
-0.08318530717967583,0.9965420970260803
-0.07318530717967583,0.9973231505166247
-0.06318530717967584,0.9980044725232339
-0.05318530717967584,0.9985859949107694
-0.043185307179675836,0.9990676595342729
-0.033185307179675834,0.9994494182243812
-0.023185307179675832,0.9997312328055319
-0.013185307179675832,0.9999130750965136
-0.0031853071796758316,0.9999949269132387
0.006814692820324169,0.9999767800707439
0.01681469282032417,0.9998586363834167
0.02681469282032417,0.999640507665664
0.03681469282032417,0.9993224157301756
0.046814692820324175,0.9989043923858798
0.05681469282032418,0.9983864794347612
0.06681469282032418,0.9977687286676901
0.07681469282032417,0.9970512018592206
0.08681469282032417,0.9962339707614384
0.09681469282032416,0.9953171170967722
0.10681469282032416,0.9943007325498245
0.11681469282032415,0.9931849187582033
0.12681469282032415,0.9919697873023574
0.13681469282032416,0.9906554596944203
0.14681469282032417,0.9892420673660576
0.15681469282032418,0.9877297516553244
0.16681469282032418,0.9861186637925319
0.1768146928203242,0.9844089648851247
0.1868146928203242,0.9826008259015693
0.1968146928203242,0.9806944276542587
0.20681469282032422,0.9786899607814312
0.21681469282032423,0.9765876257280426
0.22681469282032424,0.9743876327259413
0.23681469282032425,0.9720902017725542
0.24681469282032426,0.9696955626090622
0.25681469282032426,0.9672039546973863
0.2668146928203243,0.9646156271962413
0.2768146928203243,0.9619308389362203
0.2868146928203243,0.959149858393912
0.2968146928203243,0.9562729636650529
0.3068146928203243,0.9533004424367186
0.3168146928203243,0.9502325919585551
0.3268146928203243,0.9470697190130531
0.33681469282032434,0.9438121398848717
0.34681469282032434,0.9404601803292086
0.35681469282032435,0.9370141755392262
0.36681469282032436,0.9334744701125317
0.37681469282032437,0.9298414180167172
0.3868146928203244,0.9261153825539649
0.3968146928203244,0.9222967363247151
0.4068146928203244,0.9183858611904083
0.4168146928203244,0.9143831482352983
0.4268146928203244,0.9102889977273434
0.4368146928203244,0.906103819078182
0.44681469282032443,0.9018280308021899
0.45681469282032444,0.897462060474802
0.46681469282032445,0.893006344689117
0.47681469282032446,0.8884613290131326
0.48681469282032447,0.8838274679446287
0.4968146928203245,0.8791052248658512
0.5068146928203244,0.8742950719971723
0.5168146928203244,0.8693974903498703
0.5268146928203244,0.8644129696780289
0.5368146928203245,0.8593420084295618
0.5468146928203245,0.8541851136963676
0.5568146928203245,0.8489428011636225
0.5668146928203245,0.8436155950582114
0.5768146928203245,0.8382040280963051
0.5868146928203245,0.8327086414300906
0.5968146928203245,0.8271299845936549
0.6068146928203245,0.8214686154480331
0.6168146928203245,0.8157251001254219
0.6268146928203245,0.8099000129725673
0.6368146928203245,0.8039939364933306
0.6468146928203246,0.7980074612904384
0.6568146928203246,0.7919411860064222
0.6668146928203246,0.7857957172637554
0.6768146928203246,0.7795716696041916
0.6868146928203246,0.7732696654273102
0.6968146928203246,0.7668903349282774
0.7068146928203246,0.7604343160348279
0.7168146928203246,0.7539022543434712
0.7268146928203246,0.747294803054934
0.7368146928203246,0.7406126229088391
0.7468146928203246,0.733856382117634
0.7568146928203247,0.7270267562997683
0.7668146928203247,0.7201244284121336
0.7768146928203247,0.713150088681434
0.7868146928203247,0.7061044345364347
0.7968146928203247,0.6989881705364002
0.8068146928203247,0.6918020083017996
0.8168146928203247,0.6845466664428692
0.8268146928203247,0.677222870487748
0.8368146928203247,0.6698313528099281
0.8468146928203247,0.6623728525550183
0.8568146928203247,0.6548481155668283
0.8668146928203248,0.6472578943127867
0.8768146928203248,0.6396029478086932
0.8868146928203248,0.6318840415428194
0.8968146928203248,0.6241019473993593
0.9068146928203248,0.6162574435812426
0.9168146928203248,0.6083513145323132
0.9268146928203248,0.6003843508588881
0.9368146928203248,0.5923573492506955
0.9468146928203248,0.5842711124012064
0.9568146928203248,0.5761264489273681
0.9668146928203248,0.5679241732887402
0.9768146928203248,0.5596651057060511
0.9868146928203249,0.5513500720791764
0.9968146928203249,0.54297990390455
1.0068146928203248,0.534555438192014
1.0168146928203248,0.5260775173811185
1.0268146928203248,0.5175469892568799
1.0368146928203248,0.5089647068650017
1.0468146928203248,0.5003315284265712
1.0568146928203248,0.4916483172522373
1.0668146928203248,0.48291594165588114
1.0768146928203248,0.47413527486778523
1.0868146928203248,0.46530719494731076
1.0968146928203248,0.45643258469509246
1.1068146928203249,0.4475123315647598
1.1168146928203249,0.43854732757419157
1.1268146928203249,0.4295384692163155
1.1368146928203249,0.420486657369459
1.1468146928203249,0.4113927972072632
1.156814692820325,0.4022577981081649
1.166814692820325,0.3930825735644607
1.176814692820325,0.38386804109160466
1.186814692820325,0.37461512213396414
1.196814692820325,0.3653247419762887
1.206814692820325,0.35599782964885196
1.216814692820325,0.3466353178351142
1.226814692820325,0.337238142778455
1.236814692820325,0.3278072441885487
1.246814692820325,0.31834356514739565
1.256814692820325,0.3088480520150134
1.266814692820325,0.29932165433480235
1.276814692820325,0.2897653247385919
1.286814692820325,0.2801800188513781
1.296814692820325,0.27056669519576204
1.306814692820325,0.2609263150960983
1.316814692820325,0.25125984258236306
1.326814692820325,0.24156824429375254
1.336814692820325,0.2318524893820192
1.346814692820325,0.222113549414558
1.356814692820325,0.2123523982772499
1.366814692820325,0.2025700120770743
1.376814692820325,0.19276736904449965
1.386814692820325,0.18294544943566024
1.396814692820325,0.17310523543433223
1.4068146928203251,0.16324771105371563
1.4168146928203251,0.1533738620380341
1.4268146928203251,0.1434846757639612
1.4368146928203251,0.1335811411418835
1.4468146928203252,0.12366424851701022
1.4568146928203252,0.11373498957034041
1.4668146928203252,0.10379435721949436
1.4768146928203252,0.09384334551942342
1.4868146928203252,0.0838829495630057
1.4968146928203252,0.07391416538153651
1.5068146928203252,0.06393798984512723
1.5168146928203252,0.053955420563018185
1.5268146928203252,0.0439674557838193
1.5368146928203252,0.033975094295685675
1.5468146928203252,0.02397933532643971
1.5568146928203253,0.013981178443648823
1.5668146928203253,0.003981623454670178
1.5768146928203253,-0.006018329693329556
1.5868146928203253,-0.016017681013368257
1.5968146928203253,-0.026015430578645863
1.6068146928203253,-0.0360105786225365
1.6168146928203253,-0.04600212563945452
1.6268146928203253,-0.055989072481347386
1.6368146928203253,-0.06597042046264975
1.6468146928203253,-0.07594517145688101
1.6568146928203253,-0.08591232799725407
1.6668146928203253,-0.0958708933764211
1.6768146928203254,-0.10581987174614263
1.6868146928203254,-0.11575826821687278
1.6968146928203254,-0.1256850889572462
1.7068146928203254,-0.1355993412934615
1.7168146928203254,-0.14550003380854648
1.7268146928203254,-0.15538617644150074
1.7368146928203254,-0.16525678058629914
1.7468146928203254,-0.17511085919075278
1.7568146928203254,-0.18494742685521273
1.7668146928203254,-0.19476549993111011
1.7768146928203254,-0.2045640966193188
1.7868146928203255,-0.21434223706833558
1.7968146928203255,-0.224098943472264
1.8068146928203255,-0.23383324016859422
1.8168146928203255,-0.24354415373576876
1.8268146928203255,-0.2532307130905232
1.8368146928203255,-0.26289194958499423
1.8468146928203255,-0.27252689710358347
1.8568146928203255,-0.2821345921595684
1.8668146928203255,-0.2917140739914498
1.8768146928203255,-0.3012643846590276
1.8868146928203255,-0.3107845691391934
1.8968146928203256,-0.3202736754214332
1.9068146928203256,-0.3297307546030261
1.9168146928203256,-0.33915486098393516
1.9268146928203256,-0.348545052161376
1.9368146928203256,-0.3579003891240559
1.9468146928203256,-0.3672199363460752
1.9568146928203256,-0.3765027618804779
1.9668146928203256,-0.38574793745244657
1.9768146928203256,-0.39495453855212853
1.9868146928203256,-0.4041216445270864
1.9968146928203256,-0.413248338674362
2.0068146928203254,-0.4223337083321464
2.016814692820325,-0.4313768449710457
2.026814692820325,-0.44037684428493196
2.036814692820325,-0.44933280628137434
2.0468146928203246,-0.45824383537163726
2.0568146928203244,-0.46710904046023777
2.066814692820324,-0.4759275350340553
2.076814692820324,-0.4846984372509818
2.0868146928203237,-0.49342087002810525
2.0968146928203235,-0.5020939611294173
2.1068146928203233,-0.5107168432518162
2.116814692820323,-0.5192886541165952
2.126814692820323,-0.5278085365487013
2.1368146928203227,-0.5362756385669915
2.1468146928203224,-0.5446891134683198
2.1568146928203222,-0.553048119912207
2.166814692820322,-0.5613518220049747
2.176814692820322,-0.5695993893833333
2.1868146928203216,-0.5777899972974182
2.1968146928203214,-0.5859228266932629
2.206814692820321,-0.5939970642947054
2.216814692820321,-0.6020119026847139
2.2268146928203207,-0.609966540386129
2.2368146928203205,-0.6178601819418084
2.2468146928203203,-0.6256920379941752
2.25681469282032,-0.6334613253641506
2.26681469282032,-0.6411672671294713
2.2768146928203197,-0.6488090927023831
2.2868146928203195,-0.6563860379066965
2.2968146928203192,-0.6638973450542053
2.306814692820319,-0.6713422630204534
2.316814692820319,-0.6787200473198491
2.3268146928203186,-0.6860299601801104
2.3368146928203184,-0.6932712706160422
2.346814692820318,-0.7004432545026356
2.356814692820318,-0.7075451946474786
2.3668146928203178,-0.7145763808624747
2.3768146928203175,-0.7215361100348615
2.3868146928203173,-0.7284236861975216
2.396814692820317,-0.7352384205985781
2.406814692820317,-0.7419796317702697
2.4168146928203167,-0.7486466455970974
2.4268146928203165,-0.7552387953832331
2.4368146928203163,-0.761755421919192
2.446814692820316,-0.7681958735477512
2.456814692820316,-0.7745595062291137
2.4668146928203156,-0.7808456836053151
2.4768146928203154,-0.7870537770638556
2.486814692820315,-0.7931831658005626
2.496814692820315,-0.79923323688167
2.5068146928203148,-0.8052033853051114
2.5168146928203146,-0.8110930140610182
2.5268146928203143,-0.8169015341914238
2.536814692820314,-0.8226283648491544
2.546814692820314,-0.8282729333559162
2.5568146928203137,-0.8338346752595623
2.5668146928203135,-0.8393130343905367
2.5768146928203133,-0.8447074629174907
2.586814692820313,-0.8500174214020666
2.596814692820313,-0.8552423788528408
2.6068146928203126,-0.8603818127784209
2.6168146928203124,-0.8654352092396971
2.626814692820312,-0.8704020629027356
2.636814692820312,-0.8752818770834357
2.646814692820312,-0.8800741638058266
2.6568146928203116,-0.8847784438452297
2.6668146928203114,-0.8893942467775616
2.676814692820311,-0.8939211110263753
2.686814692820311,-0.898358583909018
2.6968146928203107,-0.9027062216819003
2.7068146928203105,-0.9069635895848672
2.7168146928203103,-0.911130261884676
2.72681469282031,-0.9152058219175697
2.73681469282031,-0.919189862130941
2.7468146928203097,-0.9230819841240884
2.7568146928203094,-0.9268817986880559
2.7668146928203092,-0.9305889258445548
2.776814692820309,-0.9342029948839571
2.786814692820309,-0.9377236444023718
2.7968146928203086,-0.9411505223377805
2.8068146928203084,-0.9444832860052458
2.816814692820308,-0.9477216021311773
2.826814692820308,-0.950865146886662
2.8368146928203077,-0.9539136059198445
2.8468146928203075,-0.9568666743873607
2.8568146928203073,-0.9597240569848252
2.866814692820307,-0.9624854679763595
2.876814692820307,-0.9651506312231657
2.8868146928203067,-0.9677192802111402
2.8968146928203065,-0.970191158077525
2.9068146928203062,-0.9725660176365938
2.916814692820306,-0.9748436214043685
2.926814692820306,-0.9770237416223718
2.9368146928203056,-0.9791061602803979
2.9468146928203054,-0.9810906691383166
2.956814692820305,-0.9829770697468966
2.966814692820305,-0.9847651734676486
2.9768146928203048,-0.9864548014916913
2.9868146928203045,-0.9880457848576294
2.9968146928203043,-0.9895379644684535
3.006814692820304,-0.9909311911074457
3.016814692820304,-0.9922253254531032
3.0268146928203037,-0.99342023809307
3.0368146928203035,-0.994515809537079
3.0468146928203033,-0.9955119302288976
3.056814692820303,-0.9964085005572882
3.066814692820303,-0.9972054308659649
3.0768146928203026,-0.9979026414625615
3.0868146928203024,-0.9985000626265987
3.096814692820302,-0.99899763461646
3.106814692820302,-0.9993953076753603
3.1168146928203018,-0.9996930420363257
3.1268146928203016,-0.9998908079261681
3.1368146928203013,-0.9999885855684653
3.146814692820301,-0.9999863651855336
3.156814692820301,-0.9998841469994108
3.1668146928203007,-0.9996819412318302
3.1768146928203005,-0.9993797681032015
3.1868146928203003,-0.9989776578286457
3.1968146928203,-0.998475650622585
3.2068146928203,-0.997873796683522
3.2168146928202996,-0.9971721561963494
3.2268146928202994,-0.9963707993245301
3.236814692820299,-0.9954698062030843
3.246814692820299,-0.9944692669305744
3.256814692820299,-0.9933692815600923
3.2668146928202986,-0.9921699600892586
3.2768146928202984,-0.9908714224492214
3.286814692820298,-0.9894737984926623
3.296814692820298,-0.9879772279808122
3.3068146928202977,-0.9863818605694746
3.3168146928202975,-0.984687855794063
3.3268146928202973,-0.9828953830536407
3.336814692820297,-0.9810046215939902
3.346814692820297,-0.9790157604896803
3.3568146928202967,-0.9769289986251649
3.3668146928202964,-0.9747445446748905
3.3768146928202962,-0.972462617082433
3.386814692820296,-0.9700834440386489
3.396814692820296,-0.9676072634588608
3.4068146928202956,-0.9650343229590619
3.4168146928202954,-0.9623648798311595
3.426814692820295,-0.9595992010172399
3.436814692820295,-0.956737563082882
3.4468146928202947,-0.9537802521894932
3.4568146928202945,-0.9507275640656984
3.4668146928202943,-0.9475798039777651
3.476814692820294,-0.94433728669908
3.486814692820294,-0.9410003364786692
3.4968146928202937,-0.9375692870087727
3.5068146928202935,-0.9340444813914786
3.5168146928202932,-0.9304262721044115
3.526814692820293,-0.9267150209654837
3.536814692820293,-0.9229110990967175
3.5468146928202926,-0.9190148868871301
3.5568146928202924,-0.9150267739546939
3.566814692820292,-0.9109471591073806
3.576814692820292,-0.9067764503032719
3.5868146928202918,-0.9025150646097749
3.5968146928202915,-0.8981634281619073
3.6068146928202913,-0.893721976119687
3.616814692820291,-0.8891911526246163
3.626814692820291,-0.8845714107552697
3.6368146928202907,-0.8798632124819838
3.6468146928202905,-0.8750670286206618
3.6568146928202903,-0.870183338785693
3.66681469282029,-0.8652126313419896
3.67681469282029,-0.8601554033561564
3.6868146928202896,-0.8550121605467733
3.6968146928202894,-0.8497834172338388
3.706814692820289,-0.8444696962873238
3.716814692820289,-0.8390715290748946
3.7268146928202888,-0.8335894554087749
3.7368146928202886,-0.8280240234917616
3.7468146928202883,-0.8223757898624072
3.756814692820288,-0.8166453193415547
3.766814692820288,-0.8108331849672638
3.7768146928202877,-0.8049399679501685
3.7868146928202875,-0.7989662576070597
3.7968146928202873,-0.792912651303993
3.806814692820287,-0.7867797543965552
3.816814692820287,-0.7805681801693258
3.8268146928202866,-0.7742785497745501
3.8368146928202864,-0.7679114921700275
3.846814692820286,-0.7614676440562133
3.856814692820286,-0.754947649812547
3.866814692820286,-0.7483521614330221
3.8768146928202856,-0.7416818384609778
3.8868146928202854,-0.7349373479231552
3.896814692820285,-0.7281193642629855
3.906814692820285,-0.7212285692731543
3.9168146928202847,-0.7142656520274192
3.9268146928202845,-0.7072313088117006
3.9368146928202843,-0.7001262430544593
3.946814692820284,-0.6929511652563489
3.956814692820284,-0.6857067929191716
3.9668146928202836,-0.678393850474124
3.9768146928202834,-0.6710130692093558
3.9868146928202832,-0.6635651871968452
3.996814692820283,-0.6560509492185835
4.006814692820283,-0.6484711066921062
4.016814692820283,-0.6408264175953557
4.026814692820283,-0.6331176463908648
4.036814692820283,-0.6253455639493323
4.046814692820282,-0.6175109474725269
4.056814692820282,-0.609614580415565
4.066814692820282,-0.6016572524085766
4.076814692820282,-0.5936397591777243
4.0868146928202815,-0.5855629024656569
4.096814692820281,-0.5774274899513135
4.106814692820281,-0.5692343351691631
4.116814692820281,-0.5609842574278567
4.126814692820281,-0.5526780817282981
4.1368146928202805,-0.5443166386811323
4.14681469282028,-0.5359007644236954
4.15681469282028,-0.5274313005364022
4.16681469282028,-0.5189090939585836
4.17681469282028,-0.5103349969037952
4.186814692820279,-0.5017098667745971
4.196814692820279,-0.4930345660768143
4.206814692820279,-0.48430996233329043
4.216814692820279,-0.47553692799712777
4.2268146928202786,-0.4667163403644474
4.236814692820278,-0.457849081486664
4.246814692820278,-0.4489360380822774
4.256814692820278,-0.43997810144820126
4.266814692820278,-0.4309761673706319
4.2768146928202775,-0.42193113603547705
4.286814692820277,-0.41284391193833336
4.296814692820277,-0.4037154037940383
4.306814692820277,-0.3945465244458
4.316814692820277,-0.3853381907739097
4.326814692820276,-0.37609132360406833
4.336814692820276,-0.36680684761528054
4.346814692820276,-0.35748569124741214
4.356814692820276,-0.3481287866057468
4.366814692820276,-0.3387370693779516
4.376814692820275,-0.32931147872549876
4.386814692820275,-0.3198529571995991
4.396814692820275,-0.31036245064452134
4.406814692820275,-0.30084090810301395
4.4168146928202745,-0.2912892817213939
4.426814692820274,-0.2817085266543422
4.436814692820274,-0.2720996009693828
4.446814692820274,-0.2624634655510741
4.456814692820274,-0.25280108400492834
4.466814692820273,-0.2431134225610506
4.476814692820273,-0.23340144997750623
4.486814692820273,-0.22366613744346556
4.496814692820273,-0.21390845848207019
4.506814692820273,-0.20412938885308046
4.516814692820272,-0.1943299064553094
4.526814692820272,-0.18451099122883824
4.536814692820272,-0.1746736250569993
4.546814692820272,-0.1648187916682154
4.5568146928202715,-0.15494747653761068
4.566814692820271,-0.14506066678847604
4.576814692820271,-0.13515935109354285
4.586814692820271,-0.125244519576133
4.596814692820271,-0.11531716371113519
4.6068146928202705,-0.1053782762258625
4.61681469282027,-0.09542885100077926
4.62681469282027,-0.0854698829701193
4.63681469282027,-0.07550236802238586
4.64681469282027,-0.06552730290076562
4.656814692820269,-0.055545685103463666
4.666814692820269,-0.04555851278393329
4.676814692820269,-0.03556678465108989
4.686814692820269,-0.025571499869418673
4.6968146928202685,-0.015573657959065748
4.706814692820268,-0.005574258695895993
4.716814692820268,0.00442569798850123
4.726814692820268,0.014425212106792642
4.736814692820268,0.024423283715894865
4.7468146928202675,0.03441891301698091
4.756814692820267,0.04441110045544952
4.766814692820267,0.054398846820887
4.776814692820267,0.06438115334697561
4.786814692820267,0.07435702181138289
4.796814692820266,0.0843254546355802
4.806814692820266,0.09428545498458428
4.816814692820266,0.1042360268666701
4.826814692820266,0.11417617523293551
4.8368146928202655,0.12410490607682599
4.846814692820265,0.13402122653353415
4.856814692820265,0.14392414497928002
4.866814692820265,0.15381267113046876
4.876814692820265,0.16368581614272698
4.8868146928202645,0.17354259270978226
4.896814692820264,0.1833820151621914
4.906814692820264,0.19320309956590784
4.916814692820264,0.20300486382067603
4.926814692820264,0.2127863277582409
4.936814692820263,0.22254651324036068
4.946814692820263,0.2322844442566207
4.956814692820263,0.2419991470220305
4.966814692820263,0.25168965007153776
4.976814692820263,0.2613549843684868
4.986814692820262,0.2709941833847943
4.996814692820262,0.28060628320858744
5.006814692820262,0.2901903226378995
5.016814692820262,0.29974534327677266
5.0268146928202615,0.3092703896311044
5.036814692820261,0.31876450920419586
5.046814692820261,0.3282267525920062
5.056814692820261,0.3376561735780729
5.066814692820261,0.34705182922816497
5.07681469282026,0.3564127799845389
5.08681469282026,0.3657380897599277
5.09681469282026,0.37502682603111487
5.10681469282026,0.38427805993222186
5.11681469282026,0.3934908663475699
5.126814692820259,0.40266432400418567
5.136814692820259,0.41179751556395167
5.146814692820259,0.42088952771532934
5.156814692820259,0.4299394512646708
5.1668146928202585,0.43894638122716695
5.176814692820258,0.44790941691732994
5.186814692820258,0.4568276620390525
5.196814692820258,0.4657002247752664
5.206814692820258,0.47452621787707566
5.2168146928202574,0.4833047587525369
5.226814692820257,0.49203496955487225
5.236814692820257,0.5007159772702785
5.246814692820257,0.5093469138052156
5.256814692820257,0.5179269160732289
5.266814692820256,0.5264551260812348
5.276814692820256,0.5349306910153467
5.286814692820256,0.5433527633261253
5.296814692820256,0.5517205008133673
5.3068146928202555,0.5600330667102854
5.316814692820255,0.5682896297672305
5.326814692820255,0.5764893643347617
5.336814692820255,0.5846314504462662
5.346814692820255,0.5927150738999137
5.3568146928202545,0.6007394263400958
5.366814692820254,0.6087037053382609
5.376814692820254,0.6166071144731359
5.386814692820254,0.624448863410399
5.396814692820254,0.6322281679816927
5.406814692820253,0.6399442502630378
5.416814692820253,0.6475963386526381
5.426814692820253,0.6551836679480316
5.436814692820253,0.6627054794226077
5.4468146928202525,0.6701610209014908
5.456814692820252,0.6775495468367473
5.466814692820252,0.6848703183819382
5.476814692820252,0.6921226034660015
5.486814692820252,0.6993056768664905
5.4968146928202515,0.7064188202820383
5.506814692820251,0.7134613224042271
5.516814692820251,0.7204324789887244
5.526814692820251,0.7273315929256639
5.536814692820251,0.7341579743094198
5.54681469282025,0.7409109405075365
5.55681469282025,0.7475898162290114
5.56681469282025,0.754193933591848
5.57681469282025,0.760722632189806
5.58681469282025,0.7671752591584707
5.596814692820249,0.7735511692437889
5.606814692820249,0.7798497248537154
5.616814692820249,0.7860702961410424
5.626814692820249,0.7922122610538003
5.6368146928202485,0.7982750054006308
5.646814692820248,0.8042579229121516
5.656814692820248,0.8101604153015931
5.666814692820248,0.8159818923246318
5.676814692820248,0.821721771838422
5.686814692820247,0.8273794798598016
5.696814692820247,0.8329544506226747
5.706814692820247,0.8384461266346118
5.716814692820247,0.8438539587325863
5.726814692820247,0.8491774061378935
5.736814692820246,0.8544159365102455
5.746814692820246,0.8595690260009479
5.756814692820246,0.8646361593053572
5.766814692820246,0.8696168297143662
5.7768146928202455,0.8745105391650877
5.786814692820245,0.8793167982906452
5.796814692820245,0.8840351264691314
5.806814692820245,0.8886650518716752
5.816814692820245,0.8932061115095787
5.8268146928202444,0.8976578512806662
5.836814692820244,0.9020198260146768
5.846814692820244,0.9062915995177715
5.856814692820244,0.9104727446161495
5.866814692820244,0.9145628431987898
5.876814692820243,0.9185614862592455
5.886814692820243,0.9224682739365507
5.896814692820243,0.926282815555179
5.906814692820243,0.930004729664149
5.9168146928202425,0.9336336440751635
5.926814692820242,0.9371691958997966
5.936814692820242,0.9406110315858108
5.946814692820242,0.9439588069525086
5.956814692820242,0.9472121872251397
5.9668146928202415,0.9503708470683977
5.976814692820241,0.953434470618924
5.986814692820241,0.9564027515169228
5.996814692820241,0.9592753929367617
6.006814692820241,0.9620521076167101
6.01681469282024,0.964732617887603
6.02681469282024,0.9673166557006546
6.03681469282024,0.9698039626542212
6.04681469282024,0.9721942900197128
6.0568146928202395,0.9744873987663516
6.066814692820239,0.9766830595851987
6.076814692820239,0.978781052911983
6.086814692820239,0.9807811689491299
6.096814692820239,0.9826832076867179
6.1068146928202385,0.9844869789224145
6.116814692820238,0.986192302280646
6.126814692820238,0.9877990072304785
6.136814692820238,0.9893069331027445
6.146814692820238,0.9907159291061516
6.156814692820237,0.9920258543422147
6.166814692820237,0.993236577819564
6.176814692820237,0.9943479784668241
6.186814692820237,0.9953599451448489
6.196814692820237,0.9962723766578505
6.206814692820236,0.9970851817634112
6.216814692820236,0.9977982791817155
6.226814692820236,0.9984115976035952
6.236814692820236,0.9989250756941228
6.2468146928202355,0.9993386621129335
6.256814692820235,0.9996523154983188
6.266814692820235,0.9998660044851932
6.276814692820235,0.9999797077048231
